Qty,Value,Device,Package,Parts,Description,CATEGORY,MANUFACTURER,MAXIMUM_PACKAGE_HEIGHT,MPN,OPERATING_TEMP,PARTREV,PART_STATUS,RATING,ROHS_COMPLIANT,SERIES,STANDARD,SUB-CATEGORY,THERMALLOSS,TOLERANCE,TYPE,VOLTAGE_RATING
2,100nF,C_CHIP-0402(1005-METRIC),CAPC1005X60,"C3, C4","Capacitor - Generic",Capacitor,,,,,,,,,,,,,,,
1,1X3_POGO_PIN_HOLDER,1X3_POGO_PIN_HOLDER,1X3_POGO_PIN_HOLDER,U$1,,,,,,,,,,,,,,,,,
1,4.7K,R-US_CHIP-0402(1005-METRIC),RESC1005X40,R1,"Resistor Fixed - ANSI",Resistor,,,,,,,,,,,Fixed,,,,
2,5.1K,R-US_CHIP-0402(1005-METRIC),RESC1005X40,"R2, R3","Resistor Fixed - ANSI",Resistor,,,,,,,,,,,Fixed,,,,
1,CH330N,CH330N,CH330N,U$6,,,,,,,,,,,,,,,,,
1,MOLEX_USB-C-2130830005,MOLEX_USB-C-2130830005,MOLEX_2130830005,J1,"USB-C (USB TYPE-C) USB 2.0 Receptacle Connector 24 (16+8 Dummy) Position Surface Mount, Right Angle; Through Hole",,Molex,3.36mm,,,A,,,,,"Manufacturer recommendations",,,,,
